"","baseMean","log2FoldChange","lfcSE","pvalue","padj","rownames"
"MisinT439700.1",216.81848317834,6.31992141881869,0.852041228769964,1.95480738560051e-14,7.35007576985791e-11,"MisinT439700.1"
"MisinT244700.1",145.352975149139,-1.69537158707189,0.570871497723862,6.46360884815616e-06,0.00272050402265677,"MisinT244700.1"
"MisinT245000.1",239.612624210754,-2.9687736309298,1.21586195951577,1.70260675818388e-05,0.00611637077462235,"MisinT245000.1"
"Misin05G043900.1",4774.90882904201,0.824255848097453,0.498071881332041,2.25511357344653e-05,0.00757073842514191,"Misin05G043900.1"
"Misin05G065500.1",49.7248863295112,-7.55930824433502,1.59296138975617,6.96117073638908e-08,4.96974720927018e-05,"Misin05G065500.1"
"Misin05G081600.1",191.734634799455,-3.08087687204714,0.520649707821477,2.18109520012222e-09,2.15813630327883e-06,"Misin05G081600.1"
"Misin05G081700.1",151.442848638783,-4.77170563975144,0.635161745184197,2.22705018469252e-14,7.85035190104113e-11,"Misin05G081700.1"
"Misin05G281900.1",72.8093887974288,2.33544497478678,1.03976518946977,2.047871008013e-05,0.00695782679830924,"Misin05G281900.1"
"Misin05G304300.1",83.3976319878585,-2.6060826969661,0.651462561268506,2.01975150260738e-06,0.000982017109888417,"Misin05G304300.1"
"Misin10G003000.1",66.2507240602848,-8.31689726122074,1.48070266712613,5.55370615347117e-10,6.65869863220578e-07,"Misin10G003000.1"
"Misin10G003100.1",240.079489286995,-5.8291640931826,0.605528095633007,1.41319413776548e-22,2.6568049789991e-18,"Misin10G003100.1"
"Misin10G003200.1",455.383752958492,-2.66720423053919,0.523299754279238,1.48200257899784e-07,9.83352299476212e-05,"Misin10G003200.1"
"Misin10G003700.1",16.1922548348206,-4.74984229018663,3.1212117014424,3.44616644822329e-05,0.010797988204433,"Misin10G003700.1"
"Misin10G005300.1",28.9633091679086,-5.40996283121946,2.00441359807434,8.05092538327734e-06,0.00331439555924702,"Misin10G005300.1"
"Misin10G023700.1",16.0504717290869,6.25528836612482,2.21055125935052,4.86575767139569e-06,0.00217800581481521,"Misin10G023700.1"
"Misin10G025400.1",16.6361514319716,-6.27633026229014,2.04491279517942,3.66939397932159e-06,0.00168255138564014,"Misin10G025400.1"
"Misin10G028900.1",122.620732826435,-4.06872887548681,0.7026202744729,3.42156423180325e-09,3.21627037789505e-06,"Misin10G028900.1"
"Misin10G032000.1",17.4862686732533,3.89802319325024,0.814813973400113,3.56382372948839e-07,0.000211061913446788,"Misin10G032000.1"
"Misin10G032200.1",29.7584925376165,-1.58094243060068,1.03033010013141,5.05128906605718e-05,0.0147412024575949,"Misin10G032200.1"
"Misin10G033300.1",44.3963921822483,1.20109167869101,1.2971649449177,0.000191897483354695,0.0450959085883533,"Misin10G033300.1"
"Misin10G034200.1",18.2664641449558,-5.07762105861935,2.8101035531113,2.32628743425852e-05,0.00776346812379767,"Misin10G034200.1"
"Misin10G036400.1",366.169342492165,1.21958317065073,0.226433900528699,4.50343929278464e-08,3.38658634817405e-05,"Misin10G036400.1"
"Misin10G036800.1",484.161157406334,0.522192112565495,0.713956664338833,0.000213168985686538,0.048090923170883,"Misin10G036800.1"
"Misin10G037700.1",152.074034168232,-0.446140211053969,0.632642427336008,0.000208881738267015,0.0475037501542729,"Misin10G037700.1"
"Misin10G040400.1",61.4106177663382,3.4422157936971,0.516016782566752,1.57313807668137e-11,3.10929117995533e-08,"Misin10G040400.1"
"Misin10G040500.1",225.151186688209,3.34082106288355,0.416186839903554,6.38040071152148e-16,2.76811230869086e-12,"Misin10G040500.1"
"Misin10G050400.1",110.49207041382,-3.5960232655248,0.581485756976022,3.66069769341558e-10,4.80147325368928e-07,"Misin10G050400.1"
"Misin10G053700.1",13.6419520354417,4.01992836008313,3.0967744634804,5.97844198855189e-05,0.0168592064077163,"Misin10G053700.1"
"Misin10G060500.1",46.0823924389946,-5.38347857498243,2.57887032339668,1.55408784204063e-05,0.00569159443448647,"Misin10G060500.1"
"Misin10G064000.1",67.7108129770734,5.59710254064875,0.862834772412353,2.18731553785947e-11,4.1121532111758e-08,"Misin10G064000.1"
"Misin10G071100.1",54.8834718992762,-7.9514703669319,1.58203487745962,1.62942069431209e-08,1.35146069351768e-05,"Misin10G071100.1"
"Misin10G077800.1",111.725352574046,-2.31384280322701,0.389767130434067,2.27487918118983e-09,2.21212389343287e-06,"Misin10G077800.1"
"Misin10G077900.1",58.066673724846,-2.39893474069867,0.664726305807328,3.48741836942713e-06,0.00162554046310488,"Misin10G077900.1"
"Misin10G078300.1",89.1774221544794,-1.79750296267143,0.419323890182463,1.05585848948376e-06,0.000561796403838528,"Misin10G078300.1"
"Misin10G080900.1",868.089287191825,1.42560495728803,1.23136432052658,0.000108911135792624,0.0281629445156727,"Misin10G080900.1"
"Misin10G092100.1",78.9739964893048,-5.64104582668335,0.944635505850626,5.60277884027367e-10,6.65869863220578e-07,"Misin10G092100.1"
"Misin10G098300.1",145.975245591735,7.5679597906585,0.746214886232004,2.42376076706712e-25,6.83500536312928e-21,"Misin10G098300.1"
"Misin10G103000.1",508.25317636418,-0.63136962020554,0.643330896136804,9.21810532017977e-05,0.0241963860867459,"Misin10G103000.1"
"Misin10G106600.1",231.535528986034,2.52329427321413,0.300839773611304,3.833540008581e-17,2.40235173871076e-13,"Misin10G106600.1"
"Misin10G115700.1",96.7817547304247,-6.96734863064133,1.11855385939375,4.62813216516049e-11,8.42021464887263e-08,"Misin10G115700.1"
"MisinT342100.1",334.336033713506,-1.75996383426138,0.273238200808065,1.02848743024087e-10,1.56774840717797e-07,"MisinT342100.1"
"Misin17G013400.1",54.9196557734307,1.79113584364916,1.87778884044889,0.000205238741396421,0.0472467959786047,"Misin17G013400.1"
"Misin17G013700.1",329.872890907357,4.51733144211392,0.739106805134383,4.13073891829976e-10,5.2948562498206e-07,"Misin17G013700.1"
"Misin17G016500.1",73.9293667556124,22.0161503829477,4.10356504058811,1.62895748616232e-10,2.35572313383473e-07,"Misin17G016500.1"
"Misin17G114900.1",61.4985713350798,-2.98242563706057,1.09530950454776,1.18724518875707e-05,0.00465004365596519,"Misin17G114900.1"
"Misin17G150500.1",34.2629306986297,3.15975927807983,2.05613456531027,6.05478253504464e-05,0.0169895390535581,"Misin17G150500.1"
"Misin17G168000.1",66.4056359138998,-2.72270481326107,0.630136818375592,1.16873518500005e-06,0.000616043592841149,"Misin17G168000.1"
"Misin17G216100.1",629.938375247716,3.21105817548144,0.504734111932016,1.30866764189014e-10,1.9423382895422e-07,"Misin17G216100.1"
"Misin17G223700.1",44.1867423283344,2.1988304008665,1.4719884014583,6.54941391164904e-05,0.0182864824067825,"Misin17G223700.1"
"Misin17G227600.1",200.01599724131,-4.19958174516601,0.659801124510617,9.36194846816762e-11,1.46670526001293e-07,"Misin17G227600.1"
"MisinT500200.1",16.8649193484394,-2.43561473354076,2.71805457996639,0.000195459236206115,0.0455533095951442,"MisinT500200.1"
"MisinT344300.1",126.617457684787,-7.83419558406575,1.0146872817115,5.88456520547496e-16,2.76574564657323e-12,"MisinT344300.1"
"MisinT025500.1",361.951480649219,-2.63103847088498,0.291864505984093,1.49581053371821e-19,1.68727428203414e-15,"MisinT025500.1"
"Misin16G075500.1",133.071398413224,1.89028030452231,1.77747590861658,0.000156793090280822,0.0384483925732103,"Misin16G075500.1"
"Misin16G146300.1",22.7212395135428,7.12353871503666,1.77347120497799,6.08693228613567e-07,0.0003333038649884,"Misin16G146300.1"
"Misin16G204900.1",143.575865042603,2.81862911143378,0.367148063430224,1.18204664574407e-14,4.76195934428324e-11,"Misin16G204900.1"
"MisinT173100.1",178.427050111687,1.17439941519628,0.868569605826518,5.85328129327454e-05,0.016697798023546,"MisinT173100.1"
"MisinT242400.1",21.7937608976421,1.47348994104918,1.62008361849908,0.000223561708184079,0.0498374717058579,"MisinT242400.1"
"MisinT551300.1",657.568030533825,-0.20729351418787,0.339602964611424,0.000163633720232959,0.0399521290958394,"MisinT551300.1"
"Misin08G022200.1",11.3074581204237,6.64485396681014,1.84158449167935,1.52986683704305e-06,0.000766498672449792,"Misin08G022200.1"
"Misin08G030600.1",615.516999043211,-3.20695025758466,0.456788874075672,1.45889178528688e-12,3.42839569542417e-09,"Misin08G030600.1"
"Misin08G103500.1",1965.83501918235,0.280088855207935,0.437471643198435,0.000186807410407658,0.0442686468361004,"Misin08G103500.1"
"Misin08G143900.1",63.8417378932103,-3.93075285686576,1.65719867080953,1.7614041956034e-05,0.00624799978817808,"Misin08G143900.1"
"Misin08G144200.1",432.60633546405,0.791582798995591,0.5392016251315,3.13978760407537e-05,0.0100047469417995,"Misin08G144200.1"
"Misin08G240700.1",332.534345186055,0.982505737754609,0.500498790617257,1.582411916857e-05,0.00572102769940607,"Misin08G240700.1"
"Misin08G287400.1",36.7280515267565,2.84070998458275,1.64495416337948,4.62805213996181e-05,0.0136660806645993,"Misin08G287400.1"
"Misin08G323100.1",152.164382712353,1.82095795294609,0.910518155168736,2.52479394887822e-05,0.00837637521863125,"Misin08G323100.1"
"Misin01G016200.1",501.6277558911,-1.82408992089026,0.598271258505106,6.16850397764719e-06,0.00265575285755192,"Misin01G016200.1"
"Misin01G025700.1",330.802780977116,-0.890171892190708,0.625670745675718,3.88304574901683e-05,0.0118527384875732,"Misin01G025700.1"
"Misin01G031800.1",376.756716248853,1.90620741196004,0.310845982123806,7.3030718940013e-10,8.40598479227905e-07,"Misin01G031800.1"
"Misin01G032000.1",1826.64334187334,-2.19795949286595,0.449416487039385,2.93617224782465e-07,0.000181978148106934,"Misin01G032000.1"
"Misin01G041700.1",323.639055776441,-0.549981692979054,0.579319837610948,8.9937802915418e-05,0.0238145168283079,"Misin01G041700.1"
"Misin01G045600.1",83.4863398190296,-1.95693285211375,1.80129443305093,0.000149175910769475,0.0367402679799055,"Misin01G045600.1"
"Misin01G046200.1",168.990910586903,-10.1796593531001,1.57392917734356,4.01319767441302e-13,1.07783023255664e-09,"Misin01G046200.1"
"Misin01G050400.1",70.40359799142,-7.90316939080065,1.67780724919935,6.03980849736584e-08,4.42396362664199e-05,"Misin01G050400.1"
"Misin01G053500.1",45.6139233892649,-2.87658260609784,2.03030623261469,7.59085762467905e-05,0.0206823367165168,"Misin01G053500.1"
"Misin01G055200.1",90.6127122487872,-7.33287095040146,1.39832806156222,9.81076720238553e-09,8.38374651840218e-06,"Misin01G055200.1"
"Misin01G072900.1",56.9352091240884,-6.48502876974246,1.81719232888038,1.75006130137608e-06,0.000858290933892268,"Misin01G072900.1"
"Misin01G074800.1",99.3805716470385,-3.43341843047423,0.415287250088488,8.5328694477428e-17,4.81253836852694e-13,"Misin01G074800.1"
"Misin01G106500.1",36.724328917128,-2.22790801293852,1.01929231886559,2.17612412252377e-05,0.00734930541978087,"Misin01G106500.1"
"Misin01G196200.1",47.6822056270838,7.60252430751681,1.93332994778504,5.34975338813215e-07,0.000301726091090653,"Misin01G196200.1"
"Misin01G289300.1",25.6443395060882,3.20271754541702,1.53390245628148,2.73104707799057e-05,0.0089552939068993,"Misin01G289300.1"
"Misin01G293600.1",35.7012018838169,7.28871906842586,1.68491238315252,2.8723682795917e-07,0.00018000174552108,"Misin01G293600.1"
"MisinT011200.1",96.4707506909608,-7.23867351245607,1.45110454866902,3.44053490490749e-08,2.62224552211868e-05,"MisinT011200.1"
"MisinT013400.1",21.716871802935,3.79009420537816,1.09835319527509,4.5740032663433e-06,0.0020637902737741,"MisinT013400.1"
"MisinT042000.1",30.6144012586231,3.36747055486281,1.22351817812639,1.15078692734034e-05,0.00457073117619683,"MisinT042000.1"
"Misin06G000800.1",882.443878463656,-1.03186372616971,0.412051356951153,7.65102530875292e-06,0.00317292520157106,"Misin06G000800.1"
"Misin06G100000.1",47.1285671060463,-3.73338247632513,2.57123102699381,5.88000236133509e-05,0.016697798023546,"Misin06G100000.1"
"Misin06G159300.1",168.117489803136,-5.95767702159063,1.21537547870512,1.11760245509517e-07,7.78182450214417e-05,"Misin06G159300.1"
"Misin02G211900.1",187.012698592542,2.54793912132922,1.61943615820679,5.8915989480242e-05,0.016697798023546,"Misin02G211900.1"
"Misin02G236000.1",54.4975359331245,0.729748321907214,0.899764122972395,0.000201679564921276,0.0468095780311109,"Misin02G236000.1"
"Misin02G288000.1",139.771212217763,-5.52194710558061,2.59765445087169,1.40532352782051e-05,0.00531947966235414,"Misin02G288000.1"
"Misin02G296700.1",107.909593539766,2.54514770938847,1.01095622500469,1.4773744868926e-05,0.00548183691189096,"Misin02G296700.1"
"Misin02G343000.1",181.028392805576,3.21413824433672,1.33645424112389,1.79430868032201e-05,0.00632493809813509,"Misin02G343000.1"
"Misin02G408100.1",344.58947770534,-2.01036790915716,1.1460346197857,3.97403012347954e-05,0.011932838166539,"Misin02G408100.1"
"Misin02G431100.1",184.065657840806,3.62074719999702,0.527232255374279,3.83618068641694e-12,8.32156118130443e-09,"Misin02G431100.1"
"Misin02G490300.1",113.567349833925,2.34034820025757,0.442278240540073,6.91418762973463e-08,4.96974720927018e-05,"Misin02G490300.1"
"Misin02G490600.1",165.233025233686,2.62597290250528,0.47671643242738,2.38232671895191e-08,1.84059214998476e-05,"Misin02G490600.1"
"Misin02G495200.1",441.986210235946,-0.882428527835256,0.429257157823092,1.23475006464363e-05,0.00480275197557935,"Misin02G495200.1"
"Misin02G498500.1",685.280327859319,-0.720556486365239,0.685345765489729,8.33326989643605e-05,0.022487867088947,"Misin02G498500.1"
"Misin02G503500.1",71.2934360658799,-4.24070025835582,0.659189439598506,5.90041260937379e-11,1.03994772240213e-07,"Misin02G503500.1"
"Misin02G503600.1",326.321132384185,-3.60947126093992,0.494262609360286,1.66498225352633e-13,4.69524995494426e-10,"Misin02G503600.1"
"Misin02G503700.1",92.3766730083219,-3.26598794938655,0.721561546896831,7.60410323433466e-07,0.000412376367708149,"Misin02G503700.1"
"Misin14G074000.1",4.87485786319259,4.56908626541778,2.98528261379031,3.77359779732123e-05,0.0116301046868261,"Misin14G074000.1"
"Misin14G079700.1",223.60526740824,-3.59505898185933,1.84862006248875,3.19687260511592e-05,0.010129416569019,"Misin14G079700.1"
"Misin14G114700.1",124.241613405377,-4.73584926673994,0.535876583613585,3.8559221982101e-19,3.62456686631749e-15,"Misin14G114700.1"
"Misin14G115600.1",98.3203969551354,8.98612751559684,1.5913027469578,2.37006058176056e-10,3.26027845881209e-07,"Misin14G115600.1"
"Misin14G123500.1",37.7377638593325,-3.01631142189315,1.19513377427933,1.53402729774072e-05,0.005654845725005,"Misin14G123500.1"
"Misin14G146400.1",69.5575988215897,1.6104129357054,1.43593844347763,0.000128304467737777,0.0323052320554044,"Misin14G146400.1"
"Misin09G011900.1",46.6761307241377,-0.938446299104751,1.09826664529708,0.000208264823610029,0.0475037501542729,"Misin09G011900.1"
"Misin09G040900.1",145.004625000729,2.42643203531022,0.435509159807894,1.76930171672936e-08,1.44527740504999e-05,"Misin09G040900.1"
"Misin09G123300.1",36.0438392300704,-6.43598552692757,2.03248376460257,3.03101501819851e-06,0.0014245770585533,"Misin09G123300.1"
"Misin09G151400.1",2071.24251184325,-22.55058301078,5.18916706403541,7.60716132568699e-09,6.60067536567302e-06,"Misin09G151400.1"
"Misin09G165900.1",765.710787740706,-7.36669678613571,1.44091014200109,1.79378401335992e-08,1.44527740504999e-05,"Misin09G165900.1"
"Misin09G167700.1",48.7919357083013,-4.80335802028394,1.37505376070229,3.61841493419684e-06,0.00167277542859592,"Misin09G167700.1"
"Misin09G170100.1",46.0299794031993,-3.09018503330272,1.95764581568461,5.73566135821353e-05,0.016589297466833,"Misin09G170100.1"
"Misin09G170200.1",521.140203607769,-4.91854109935839,0.830484468276524,1.10162921809096e-09,1.18199621223145e-06,"Misin09G170200.1"
"Misin09G170500.1",69.8348934857113,-5.31949310597579,1.16102701765602,4.13638319688633e-07,0.000240507229179782,"Misin09G170500.1"
"Misin09G171000.1",49.8227552000613,-7.97357582048332,1.81040007810849,1.47925318588545e-07,9.83352299476212e-05,"Misin09G171000.1"
"Misin09G171900.1",122.111783868426,-6.82997658762674,1.86679565934746,1.29335684908314e-06,0.000669223176956781,"Misin09G171900.1"
"Misin09G172200.1",63.0537232609516,2.55896323242937,2.1311429275961,0.000114763870523269,0.0292881551923637,"Misin09G172200.1"
"Misin09G181500.1",79.9102865383403,-7.15275821598125,1.39964077575343,2.14246139967882e-08,1.70189891467445e-05,"Misin09G181500.1"
"Misin09G184300.1",18.3972855198306,-3.01986381225363,2.29298583641239,8.69207944581937e-05,0.0232338047746072,"Misin09G184300.1"
"Misin09G184700.1",258.41744035532,-3.09937370673977,1.2952530983599,1.82206243936994e-05,0.00634389412692104,"Misin09G184700.1"
"Misin09G189700.1",43.3482815313573,-2.63353101844978,1.29309942054104,2.88250574358194e-05,0.00934329447919662,"Misin09G189700.1"
"Misin09G191700.1",31.1348365548225,-2.58587509752904,1.73013559093798,6.75193789702348e-05,0.0186671224211826,"Misin09G191700.1"
"Misin09G191800.1",497.32890454004,-8.23374041071712,0.939709747596136,6.99123278797617e-20,9.8576382310464e-16,"Misin09G191800.1"
"Misin09G191900.1",196.58056509552,-3.31327116231972,0.46871534671661,1.00351999087718e-12,2.46080554284665e-09,"Misin09G191900.1"
"Misin09G194200.1",473.588225083616,1.72904644408967,1.44039536970603,0.000109356114342772,0.0281629445156727,"Misin09G194200.1"
"Misin09G200300.1",14.1066105683262,4.48315524915115,2.98605896455946,4.03464664631867e-05,0.012039897928697,"Misin09G200300.1"
"Misin09G200400.1",30.1603234318356,8.09655939303644,1.55528101992444,6.1090291293868e-09,5.38358192027212e-06,"Misin09G200400.1"
"Misin09G204800.1",454.900568179623,-1.53971468104557,1.34868620352061,0.000118984839135527,0.0300930265795682,"Misin09G204800.1"
"Misin09G205400.1",26.0791837492311,-5.27000400175005,2.5975506212528,1.73152284824211e-05,0.0061808790279022,"Misin09G205400.1"
"Misin09G205700.1",33.577953094032,-2.180491062519,1.78465818936668,0.000111903023800342,0.0286878661015422,"Misin09G205700.1"
"Misin09G206700.1",75.2039761427211,5.53214902182096,0.745035391803278,2.9658753669061e-14,9.29307614963913e-11,"Misin09G206700.1"
"Misin09G210800.1",64.3354981346841,-7.51372020197911,1.4950157291662,2.3579608662498e-08,1.84059214998476e-05,"Misin09G210800.1"
"Misin11G021300.1",36.4809214129149,-3.56911772695366,1.7911520178826,3.01074343292534e-05,0.00964806418278347,"Misin11G021300.1"
"Misin11G035500.1",54.748278139626,8.24928038902287,1.57055127409354,4.19303914631028e-09,3.87684275167049e-06,"Misin11G035500.1"
"Misin11G099200.1",21.3738758870955,-4.86221319530559,1.50320918571711,5.02253153860655e-06,0.00220954991262416,"Misin11G099200.1"
"Misin11G176700.1",13.788699885283,-2.8345699068413,3.02147820161044,0.000148758580929372,0.0367402679799055,"Misin11G176700.1"
"Misin11G177500.1",70.8595781112767,-2.89939451536019,2.15046737175493,8.46534129508866e-05,0.0227354880496667,"Misin11G177500.1"
"Misin11G199400.1",14.4384209771929,5.56459906277872,3.21633299637311,1.89339298833005e-05,0.00651142466718382,"Misin11G199400.1"
"Misin11G205100.1",38.3086264512728,7.88110102572081,7.64808371957116,4.44618868950668e-06,0.00202229872651756,"Misin11G205100.1"
"Misin11G244200.1",41.2957722683936,6.05422086319441,1.18731834381032,4.76551147258478e-08,3.5365111454445e-05,"Misin11G244200.1"
"MisinT209100.1",31.4295329180358,-3.91285956262061,2.80961832979391,5.83570633120624e-05,0.016697798023546,"MisinT209100.1"
"MisinT087300.1",214.459115388763,1.20793957565791,0.750735038599434,3.52413086588618e-05,0.010920933012966,"MisinT087300.1"
"MisinT181400.1",116.575286130958,-1.21371084838907,0.778413419289921,3.89447796560303e-05,0.0118527384875732,"MisinT181400.1"
"MisinT025200.1",269.148458065863,-2.77223583372238,0.585463602686336,4.62257736046827e-07,0.000263346831444859,"MisinT025200.1"
"Misin15G023800.1",13.9475081088379,1.84326993443274,1.95988224005793,0.000212335881860692,0.048090923170883,"Misin15G023800.1"
"Misin15G054800.1",159.736671226475,1.29862354205118,0.638543359112806,1.83419628653321e-05,0.00634654420616401,"Misin15G054800.1"
"Misin15G132100.1",157.862709207518,-2.9704044569876,0.590900220288599,1.86151441979312e-07,0.000122080713112014,"Misin15G132100.1"
"Misin15G138700.1",122.508140353612,-3.52486193906341,0.559947204036751,1.84674770020255e-10,2.60391425728559e-07,"Misin15G138700.1"
"Misin15G148800.1",53.2359214122274,-3.84597872849552,0.596533749069682,6.19787794614627e-11,1.05309620780626e-07,"Misin15G148800.1"
"Misin15G149100.1",105.515199425859,-2.52019601921483,0.750770087333816,5.00194413139372e-06,0.00220954991262416,"Misin15G149100.1"
"Misin15G152300.1",80.213419454991,2.31647570639747,0.480051026383232,3.56746075325088e-07,0.000211061913446788,"Misin15G152300.1"
"Misin15G155700.1",20.6987375709812,-6.8863559351742,1.66507017700449,5.52263885925829e-07,0.00030839290263581,"Misin15G155700.1"
"Misin15G157200.1",32.5297249437496,-5.69957720666389,2.63193296632935,1.24356464533152e-05,0.0048039072600478,"Misin15G157200.1"
"Misin15G159000.1",105.012823679842,5.02204753955581,0.874416561983112,3.01572259980728e-09,2.88282634964628e-06,"Misin15G159000.1"
"Misin15G160100.1",116.067002288113,1.56245945234368,1.58872797244473,0.00018372581889053,0.043722093609392,"Misin15G160100.1"
"Misin15G165300.1",99.2996802846665,-5.6552645822656,0.947529795310645,5.66697755932407e-10,6.65869863220578e-07,"Misin15G165300.1"
"Misin15G196600.1",31.1999327792108,-7.09732887765754,1.5661207489145,1.89533480502114e-07,0.000122869980463439,"Misin15G196600.1"
"Misin15G197300.1",294.713440282169,23.4141313505442,3.79589884933929,8.88481343089203e-12,1.85593880556411e-08,"Misin15G197300.1"
"Misin19G023900.1",536.59670597212,-2.73961722249066,0.423274682152165,7.09002483008909e-11,1.14250685833436e-07,"Misin19G023900.1"
"Misin19G036900.1",65.435074022077,-3.53891482089684,1.7417583748744,2.86928844666385e-05,0.00934329447919662,"Misin19G036900.1"
"Misin19G049800.1",32.4362219175079,1.17520160657585,1.29775251472372,0.000202661255917338,0.0468446509579419,"Misin19G049800.1"
"Misin19G069100.1",15.2049798950147,-4.30898119360237,3.17198945374635,4.89104696488149e-05,0.0143674504593394,"Misin19G069100.1"
"Misin19G088000.1",26.4804479711063,-2.77121633720784,2.06989911238671,8.75639869780543e-05,0.0232953248375578,"Misin19G088000.1"
"Misin19G219700.1",171.820828582599,2.79252765437344,1.85694719870142,6.62108428701516e-05,0.0183955248171259,"Misin19G219700.1"
"Misin19G248200.1",88.2850690468032,-6.75565792738616,0.819184348218161,2.00132388310181e-17,1.41093333758677e-13,"Misin19G248200.1"
"MisinT014600.1",1522.84651638216,7.08872523700798,1.61952992078178,2.87055834201917e-07,0.00018000174552108,"MisinT014600.1"
"MisinT014900.1",378.02049901118,4.66339071484381,2.45466352102863,2.54082961400554e-05,0.00838028013040423,"MisinT014900.1"
"Misin03G006300.1",11.8876291704915,-4.62289182014903,2.90612758582032,3.49792052824775e-05,0.0108995976681311,"Misin03G006300.1"
"Misin03G034300.1",798.015133257028,-0.753718093337448,0.407775313843731,1.46503422117631e-05,0.00547204834929429,"Misin03G034300.1"
"Misin03G042000.1",539.56238884002,1.31450163622433,0.305060748323407,8.3155598067906e-07,0.000446664355336181,"Misin03G042000.1"
"Misin03G074500.1",21.1573904784686,4.81119681507998,1.48490405855669,5.05375777887441e-06,0.00220954991262416,"Misin03G074500.1"
"Misin03G164900.1",96.907454828313,2.53638989532493,1.52543511800969,5.07055545527201e-05,0.0147412024575949,"Misin03G164900.1"
"Misin03G352500.1",24.3209647173443,5.02665908240591,3.3663536728733,2.96809224943402e-05,0.00956573730674736,"Misin03G352500.1"
"Misin03G357000.1",404.78098621072,1.60612821729604,0.64918056003121,1.17440395213173e-05,0.00463191488812796,"Misin03G357000.1"
"MisinT086100.1",160.190427788338,3.10636675763745,0.522131601792986,1.78802838918886e-09,1.80080002054021e-06,"MisinT086100.1"
"Misin18G011500.1",87.05604806142,-1.95563141156667,1.99489493158557,0.000191865685228611,0.0450959085883533,"Misin18G011500.1"
"Misin18G131900.1",118.299272893886,-36.6883690641019,4.40084914969372,1.08305108516514e-17,8.72629731475915e-14,"Misin18G131900.1"
"Misin18G134000.1",171.355837133826,0.917967945037023,1.03193695447092,0.000179573388930184,0.0429149963375524,"Misin18G134000.1"
"Misin18G226000.1",142.711802580406,-5.04376646684346,1.07998363404874,3.5925432076049e-07,0.000211061913446788,"Misin18G226000.1"
"Misin18G256700.1",193.474616737221,-2.60934985664288,0.510872214602772,1.42931294991292e-07,9.71243980422757e-05,"Misin18G256700.1"
"Misin18G259300.1",88.6766254498502,1.72490742133874,0.700753659450903,1.26167601091905e-05,0.00484071612352613,"Misin18G259300.1"
"MisinT340700.1",74.1670784528232,-5.75160734717452,2.27430480997942,8.44486418267564e-06,0.00345137927465874,"MisinT340700.1"
"MisinT265000.1",84.7346954417369,-8.05111766596332,1.443207963136,8.86414779331234e-10,9.99875871085632e-07,"MisinT265000.1"
"MisinT447600.1",17.2545626901046,5.93267626832028,2.76310636321062,1.12452397020764e-05,0.00449809588083055,"MisinT447600.1"
"MisinT317800.1",17.644512765294,3.18320413109648,2.28110212555449,7.44626185257368e-05,0.0203868528390852,"MisinT317800.1"
"MisinT470400.1",485.659253834547,-0.774970201037864,0.831623785514768,0.000133184723400824,0.0332372495566659,"MisinT470400.1"
"MisinT067200.1",27.5779897186526,1.34311603909348,1.42764940886496,0.000195020058072938,0.0455533095951442,"MisinT067200.1"
"MisinT056300.1",523.655167897593,-4.00838523584328,0.657564933440555,5.55718987251947e-10,6.65869863220578e-07,"MisinT056300.1"
"MisinT021500.1",2831.7499048729,-0.423913271925303,0.5756443694845,0.000169584262086182,0.0412265188864685,"MisinT021500.1"
"Misin12G006000.1",10.7961288056346,-3.74672192323043,2.98683758865208,7.14668889659852e-05,0.0196621099399101,"Misin12G006000.1"
"Misin12G006100.1",23.2529535226926,-4.43866151251778,3.08816774803354,4.32858747341414e-05,0.0128490701842399,"Misin12G006100.1"
"Misin12G006200.1",70.9943673864468,-4.19181778324455,0.866741278702265,2.83340100973299e-07,0.00018000174552108,"Misin12G006200.1"
"Misin12G056600.1",14.1778720764658,-5.34183455274089,2.75677609778162,1.82218235560498e-05,0.00634389412692104,"Misin12G056600.1"
"Misin12G095900.1",343.994035957482,1.96275248723515,0.637396103275696,6.2395627915191e-06,0.0026659950109218,"Misin12G095900.1"
"Misin12G113600.1",45.4615735740329,-5.77469600863162,1.60533271864119,2.28741065844807e-06,0.00109330475539383,"Misin12G113600.1"
"Misin12G124800.1",21.3882357013485,5.75362367681942,2.41531643941562,9.81766730217309e-06,0.00395511739887544,"Misin12G124800.1"
"Misin12G156400.1",21.6804561015822,4.42975937792019,1.80551327027969,1.44495119643844e-05,0.00543301649860852,"Misin12G156400.1"
"Misin12G215500.1",57.0766842393369,2.42642673582046,3.489968861863,0.000173568612447246,0.0420140332275737,"Misin12G215500.1"
"Misin12G256000.1",57.6007207138296,3.61587161654193,0.876885664404174,1.66140422313933e-06,0.0008219578788163,"Misin12G256000.1"
"MisinT587600.1",128.00114055217,3.87278295981737,0.764756651594901,1.37753498902216e-07,9.47475285132312e-05,"MisinT587600.1"
"MisinT357700.1",197.586619036934,-3.49258886135736,0.523923250100856,1.59874901096994e-11,3.10929117995533e-08,"MisinT357700.1"
"MisinT317000.1",22.0864402340777,-3.44793728939777,1.91639508951817,3.97761272217966e-05,0.011932838166539,"MisinT317000.1"
"Misin04G299200.1",180.018649954834,-2.35189566505293,2.88487557403159,0.000219012068972138,0.0492122736654525,"Misin04G299200.1"
"Misin04G315900.1",281.727985310442,5.65552978885939,0.760941727953261,2.62831536070241e-14,8.71982272609505e-11,"Misin04G315900.1"
"Misin04G316500.1",67.9616399274941,7.27209162765751,1.18442360456012,6.34845231656258e-11,1.05309620780626e-07,"Misin04G316500.1"
"Misin04G318200.1",37.7556571184805,1.53300088401942,0.879893948168701,3.37545074278326e-05,0.0106354984297752,"Misin04G318200.1"
"Misin04G319100.1",338.347158804308,-2.91396109867033,0.467093703514206,3.11427982054625e-10,4.1820329018764e-07,"Misin04G319100.1"
"MisinT323700.1",212.10300161429,4.59546945473057,0.827960338619807,1.08054173749588e-08,9.09590358130858e-06,"MisinT323700.1"
"Misin13G084700.1",93.9516143544644,-1.52572124152098,1.53202005674861,0.000175694701198433,0.0423469279811608,"Misin13G084700.1"
"Misin13G198400.1",166.228226171435,4.84289760383291,1.29392164440379,2.50092995739802e-06,0.00118531470249788,"Misin13G198400.1"
"MisinT528100.1",65.2661132562495,2.46273755922078,3.42110536302884,0.000178147720628225,0.0427554529507739,"MisinT528100.1"
"MisinT029700.1",26.3804440429272,2.04212439489076,1.6370316509685,0.000104652409395305,0.0271999810594249,"MisinT029700.1"
"MisinT392300.1",59.1148184114561,3.82599419446131,0.830687701405979,5.88824660218352e-07,0.00032558540035603,"MisinT392300.1"
"MisinT392400.1",255.905904300726,3.41248558855732,0.417324570653954,1.82564128752054e-16,9.36056078328715e-13,"MisinT392400.1"
"Misin07G023900.1",46.8325992597687,8.58159255907474,1.57637350865697,1.11074112142318e-09,1.18199621223145e-06,"Misin07G023900.1"
"Misin07G226100.1",1277.0128775839,1.46564861161837,1.19016876679371,9.22379966072761e-05,0.0241963860867459,"Misin07G226100.1"
"Misin07G248700.1",102.683405933935,4.88716096939575,0.444728947201872,1.60660519799855e-28,9.06125331671185e-24,"Misin07G248700.1"
"Misin07G250000.1",52.2922071156005,4.49146436019376,0.756180737965805,1.20070152642298e-09,1.25406603870845e-06,"Misin07G250000.1"
"Misin07G250100.1",30.7336290544138,3.21501567105166,1.09201512665775,9.04172036475471e-06,0.00366872682426018,"Misin07G250100.1"
"Misin07G271500.1",201.661958167676,-1.44230340286222,0.883132778146106,3.90888184164647e-05,0.0118527384875732,"Misin07G271500.1"
"Misin07G274500.1",486.280956354298,0.63575139696967,0.730259920259849,0.000139525092086853,0.0346661462277466,"Misin07G274500.1"
"Misin07G289000.1",289.051479351069,-1.82176121840454,0.313759611475442,5.23827719600409e-09,4.68950529927985e-06,"Misin07G289000.1"
"Misin07G309900.1",3396.87824298381,0.307144098349026,0.423924420518871,0.000129250651005747,0.0323988298521073,"Misin07G309900.1"
"Misin07G312000.1",75.0664189530936,5.48397422362777,0.782826099324654,6.62162549682851e-13,1.69754399100513e-09,"Misin07G312000.1"
"Misin07G316900.1",14.4724437703253,7.26497623771651,1.68416025791444,3.0009961873734e-07,0.0001839741140955,"Misin07G316900.1"
"Misin07G317800.1",33.0505955791943,2.40643328525717,1.99810842771652,0.000115725335046992,0.029400490525452,"Misin07G317800.1"
"Misin07G320300.1",24.6253756812524,-5.64644373579392,2.93131123034325,1.57393049862273e-05,0.00572102769940607,"Misin07G320300.1"
"Misin07G327900.1",22.147733435536,7.40843013097595,1.57737861172325,9.21029741802746e-08,6.49325967970936e-05,"Misin07G327900.1"
"Misin07G328900.1",404.177482632557,-0.538474872766025,0.592721822075816,0.000102420164548617,0.0267430429654723,"Misin07G328900.1"
"Misin07G339800.1",51.6169071134321,-3.56784886950725,0.832410511588955,1.23386701643426e-06,0.000644352775249004,"Misin07G339800.1"
"Misin07G340200.1",259.04120829871,-2.599815486898,0.54852339786882,4.55968623535939e-07,0.00026241459558599,"Misin07G340200.1"
"Misin07G343600.1",396.268601573405,-0.438116372801528,0.482384992934291,8.30437316347852e-05,0.022487867088947,"Misin07G343600.1"
"Misin07G363000.1",319.488663114622,4.15537776900672,1.30926550616282,6.29825384615271e-06,0.00267083847310536,"Misin07G363000.1"
"Misin07G365600.1",15.3828998226625,-5.02710117393169,2.52620801385189,2.00038124919579e-05,0.00683766681543288,"Misin07G365600.1"
"Misin07G369800.1",52.9882660702387,-0.842339882420201,1.01068596716674,0.000207645063781163,0.0475037501542729,"Misin07G369800.1"
"Misin07G375800.1",724.749533484186,-3.00070656511808,0.502365094537544,1.5890450743664e-09,1.62949349444118e-06,"Misin07G375800.1"
"Misin07G401200.1",786.764037925417,-4.45052769515539,1.15095063852699,2.26160316414029e-06,0.00109020870476506,"Misin07G401200.1"
"Misin07G401300.1",906.017814807475,-4.63704547625747,1.12318307956208,1.38951496363446e-06,0.00070602381936021,"Misin07G401300.1"
"Misin07G415800.1",477.350724583389,3.28424600177031,1.24660753566963,1.33705042423725e-05,0.00509524621128248,"Misin07G415800.1"
"Misin07G418800.1",174.561376200623,4.48286660352615,0.644575309520227,1.52528554687159e-12,3.4410441937423e-09,"Misin07G418800.1"
"Misin07G419500.1",147.381315904465,-1.59562107029748,1.73510624654933,0.000221817409880673,0.0496448488780554,"Misin07G419500.1"
"Misin07G422400.1",76.6258921940158,8.82149816294725,1.72962343832334,5.06297030490242e-09,4.60566976123382e-06,"Misin07G422400.1"
"Misin07G422600.1",879.953634146543,10.7060757223522,1.58896941401828,3.37972758883465e-14,1.00324545268565e-10,"Misin07G422600.1"
"Misin07G427600.1",82.3695563434877,-1.75568749921521,0.365796904099314,3.53704667452494e-07,0.000211061913446788,"Misin07G427600.1"
"Misin07G461000.1",772.283465230114,1.2901778226463,0.443020981952473,5.56208583568936e-06,0.002413089547176,"Misin07G461000.1"
"Misin07G473000.1",33.2538683114198,5.53838996294447,1.38234162765008,1.31097154457012e-06,0.000672170864670497,"Misin07G473000.1"
"Misin07G491800.1",20.5649251034178,4.14607614365649,1.0039902306933,1.53571542529834e-06,0.000766498672449792,"Misin07G491800.1"
"Misin07G502700.1",551.704282530629,1.01572652027358,0.407395926489284,7.6475334590877e-06,0.00317292520157106,"Misin07G502700.1"
"MisinT026500.1",366.463991756597,4.34004160687252,0.724958837068029,9.60654816031237e-10,1.0623712083169e-06,"MisinT026500.1"
